{"cameraMode":{"drawMode":0,"name":"Shaded","section":"Shading Mode"},"sceneLighting":true,"audioPlay":false,"sceneViewState":{"showFog":true,"showMaterialUpdate":false,"showSkybox":false,"showFlares":true,"showImageEffects":true,"showParticleSystems":true,"showVisualEffectGraphs":true,"m_FxEnabled":true},"in2DMode":false,"pivot":{"x":-6.748878479003906,"y":3.6111927032470705,"z":-1.512070655822754},"rotation":{"x":0.011155393905937672,"y":0.9444333910942078,"z":-0.3266635239124298,"w":0.032313909381628039},"size":28.917037963867189,"orthographic":false}