{"cameraMode":{"drawMode":0,"name":"Shaded","section":"Shading Mode"},"sceneLighting":false,"audioPlay":false,"sceneViewState":{"showFog":true,"showMaterialUpdate":false,"showSkybox":false,"showFlares":true,"showImageEffects":true,"showParticleSystems":true,"showVisualEffectGraphs":true,"m_FxEnabled":true},"in2DMode":false,"pivot":{"x":21.355615615844728,"y":0.25097402930259707,"z":39.57441329956055},"rotation":{"x":-0.0031149748247116806,"y":-0.9638617634773254,"z":0.2661325931549072,"w":-0.011281195096671582},"size":1.9139018058776856,"orthographic":false}