{"cameraMode":{"drawMode":0,"name":"Shaded","section":"Shading Mode"},"sceneLighting":false,"audioPlay":false,"sceneViewState":{"showFog":true,"showMaterialUpdate":false,"showSkybox":false,"showFlares":true,"showImageEffects":true,"showParticleSystems":true,"showVisualEffectGraphs":true,"m_FxEnabled":true},"in2DMode":false,"pivot":{"x":-10.260000228881836,"y":2.5299999713897707,"z":-0.44999998807907107},"rotation":{"x":0.005868653301149607,"y":0.9201719760894775,"z":-0.39121371507644656,"w":0.013803879730403424},"size":4.800017356872559,"orthographic":false}