{"cameraMode":{"drawMode":0,"name":"Shaded","section":"Shading Mode"},"sceneLighting":false,"audioPlay":false,"sceneViewState":{"showFog":true,"showMaterialUpdate":false,"showSkybox":false,"showFlares":true,"showImageEffects":true,"showParticleSystems":true,"showVisualEffectGraphs":true,"m_FxEnabled":true},"in2DMode":false,"pivot":{"x":778.8406982421875,"y":340.52203369140627,"z":528.0150146484375},"rotation":{"x":0.006105821114033461,"y":-0.9901615381240845,"z":-0.13207237422466279,"w":-0.045781753957271579},"size":260.0635070800781,"orthographic":false}