{"cameraMode":{"drawMode":0,"name":"Shaded","section":"Shading Mode"},"sceneLighting":false,"audioPlay":false,"sceneViewState":{"showFog":true,"showMaterialUpdate":false,"showSkybox":false,"showFlares":true,"showImageEffects":true,"showParticleSystems":true,"showVisualEffectGraphs":true,"m_FxEnabled":true},"in2DMode":false,"pivot":{"x":24.208377838134767,"y":4.738924980163574,"z":33.58656692504883},"rotation":{"x":0.0036090805660933258,"y":0.9098786115646362,"z":-0.41454043984413149,"w":0.00790936779230833},"size":6.200698375701904,"orthographic":false}