{"cameraMode":{"drawMode":0,"name":"Shaded","section":"Shading Mode"},"sceneLighting":false,"audioPlay":false,"sceneViewState":{"showFog":true,"showMaterialUpdate":false,"showSkybox":false,"showFlares":true,"showImageEffects":true,"showParticleSystems":true,"showVisualEffectGraphs":true,"m_FxEnabled":true},"in2DMode":false,"pivot":{"x":-15.211346626281739,"y":16.645994186401368,"z":8.338720321655274},"rotation":{"x":0.0018946502823382617,"y":0.986271321773529,"z":-0.16423022747039796,"w":0.01153908297419548},"size":13.353522300720215,"orthographic":false}