{"cameraMode":{"drawMode":0,"name":"Shaded","section":"Shading Mode"},"sceneLighting":false,"audioPlay":false,"sceneViewState":{"showFog":true,"showMaterialUpdate":false,"showSkybox":false,"showFlares":true,"showImageEffects":true,"showParticleSystems":true,"showVisualEffectGraphs":true,"m_FxEnabled":true},"in2DMode":false,"pivot":{"x":15.691747665405274,"y":5.5513787269592289,"z":54.60173797607422},"rotation":{"x":-0.006271893624216318,"y":-0.9082792401313782,"z":-0.013625207357108593,"w":0.41809436678886416},"size":4.807394981384277,"orthographic":false}