{"cameraMode":{"drawMode":0,"name":"Shaded","section":"Shading Mode"},"sceneLighting":false,"audioPlay":false,"sceneViewState":{"showFog":true,"showMaterialUpdate":false,"showSkybox":false,"showFlares":true,"showImageEffects":true,"showParticleSystems":true,"showVisualEffectGraphs":true,"m_FxEnabled":true},"in2DMode":false,"pivot":{"x":-0.03952920436859131,"y":2.4787979125976564,"z":-28.90077781677246},"rotation":{"x":0.0045867315493524078,"y":0.9935584664344788,"z":-0.10320495069026947,"w":0.04443942755460739},"size":3.4081614017486574,"orthographic":false}