{"cameraMode":{"drawMode":0,"name":"Shaded","section":"Shading Mode"},"sceneLighting":false,"audioPlay":false,"sceneViewState":{"showFog":true,"showMaterialUpdate":false,"showSkybox":false,"showFlares":true,"showImageEffects":true,"showParticleSystems":true,"showVisualEffectGraphs":true,"m_FxEnabled":true},"in2DMode":false,"pivot":{"x":-2.7825632095336916,"y":9.237104415893555,"z":48.188323974609378},"rotation":{"x":0.045766860246658328,"y":-0.935106635093689,"z":0.13130013644695283,"w":0.32594770193099978},"size":12.074442863464356,"orthographic":true}