{"cameraMode":{"drawMode":0,"name":"Shaded","section":"Shading Mode"},"sceneLighting":false,"audioPlay":false,"sceneViewState":{"showFog":true,"showMaterialUpdate":false,"showSkybox":false,"showFlares":true,"showImageEffects":true,"showParticleSystems":true,"showVisualEffectGraphs":true,"m_FxEnabled":true},"in2DMode":false,"pivot":{"x":-11.616199493408204,"y":11.342134475708008,"z":-2.0649220943450929},"rotation":{"x":0.004971218761056662,"y":0.9857258796691895,"z":-0.1656569242477417,"w":0.029580537229776384},"size":35.7562141418457,"orthographic":false}