{"cameraMode":{"drawMode":0,"name":"Shaded","section":"Shading Mode"},"sceneLighting":true,"audioPlay":false,"sceneViewState":{"showFog":true,"showMaterialUpdate":false,"showSkybox":false,"showFlares":true,"showImageEffects":true,"showParticleSystems":true,"showVisualEffectGraphs":true,"m_FxEnabled":true},"in2DMode":false,"pivot":{"x":0.7225511074066162,"y":2.1449737548828127,"z":0.9100818634033203},"rotation":{"x":0.013072667643427849,"y":0.9231451749801636,"z":-0.3827071487903595,"w":0.03158694878220558},"size":18.750375747680665,"orthographic":false}