{"cameraMode":{"drawMode":0,"name":"Shaded","section":"Shading Mode"},"sceneLighting":false,"audioPlay":false,"sceneViewState":{"showFog":true,"showMaterialUpdate":false,"showSkybox":false,"showFlares":true,"showImageEffects":true,"showParticleSystems":true,"showVisualEffectGraphs":true,"m_FxEnabled":true},"in2DMode":false,"pivot":{"x":-1.5113739967346192,"y":0.5462861061096191,"z":-0.19056200981140138},"rotation":{"x":-0.0024652325082570316,"y":0.9877745509147644,"z":-0.015704883262515069,"w":-0.15505525469779969},"size":0.7474390864372253,"orthographic":false}