{"cameraMode":{"drawMode":0,"name":"Shaded","section":"Shading Mode"},"sceneLighting":false,"audioPlay":false,"sceneViewState":{"showFog":true,"showMaterialUpdate":false,"showSkybox":false,"showFlares":true,"showImageEffects":true,"showParticleSystems":true,"showVisualEffectGraphs":true,"m_FxEnabled":true},"in2DMode":false,"pivot":{"x":22.39682388305664,"y":4.191959857940674,"z":49.629058837890628},"rotation":{"x":-0.0031149748247116806,"y":-0.9638617634773254,"z":0.2661325931549072,"w":-0.011281195096671582},"size":4.883631229400635,"orthographic":false}