{"cameraMode":{"drawMode":0,"name":"Shaded","section":"Shading Mode"},"sceneLighting":false,"audioPlay":false,"sceneViewState":{"showFog":true,"showMaterialUpdate":false,"showSkybox":false,"showFlares":true,"showImageEffects":true,"showParticleSystems":true,"showVisualEffectGraphs":true,"m_FxEnabled":true},"in2DMode":false,"pivot":{"x":-2.5966436862945558,"y":4.567148685455322,"z":12.631414413452149},"rotation":{"x":0.004651521798223257,"y":0.9738331437110901,"z":-0.22596579790115357,"w":0.02016204409301281},"size":7.661904811859131,"orthographic":false}