{"cameraMode":{"drawMode":0,"name":"Shaded","section":"Shading Mode"},"sceneLighting":true,"audioPlay":false,"sceneViewState":{"showFog":true,"showMaterialUpdate":false,"showSkybox":true,"showFlares":true,"showImageEffects":true,"showParticleSystems":true,"showVisualEffectGraphs":true,"m_FxEnabled":true},"in2DMode":false,"pivot":{"x":0.9235362410545349,"y":11.209794998168946,"z":45.86433029174805},"rotation":{"x":-0.0031149748247116806,"y":-0.9638617634773254,"z":0.2661325931549072,"w":-0.011281195096671582},"size":1.0050873756408692,"orthographic":false}