{"cameraMode":{"drawMode":0,"name":"Shaded","section":"Shading Mode"},"sceneLighting":true,"audioPlay":false,"sceneViewState":{"showFog":true,"showMaterialUpdate":false,"showSkybox":true,"showFlares":true,"showImageEffects":true,"showParticleSystems":true,"showVisualEffectGraphs":true,"m_FxEnabled":true},"in2DMode":false,"pivot":{"x":-2.7285430431365969,"y":9.972965240478516,"z":34.64295196533203},"rotation":{"x":0.005868653301149607,"y":0.9201719760894775,"z":-0.39121371507644656,"w":0.013803879730403424},"size":27.62769317626953,"orthographic":false}