{"cameraMode":{"drawMode":0,"name":"Shaded","section":"Shading Mode"},"sceneLighting":true,"audioPlay":false,"sceneViewState":{"showFog":true,"showMaterialUpdate":false,"showSkybox":true,"showFlares":true,"showImageEffects":true,"showParticleSystems":true,"showVisualEffectGraphs":true,"m_FxEnabled":true},"in2DMode":false,"pivot":{"x":4.213049411773682,"y":-19.865890502929689,"z":33.889007568359378},"rotation":{"x":0.004729178734123707,"y":0.9135639667510986,"z":-0.4063325822353363,"w":0.010694635100662709},"size":44.663612365722659,"orthographic":false}