{"cameraMode":{"drawMode":0,"name":"Shaded","section":"Shading Mode"},"sceneLighting":true,"audioPlay":false,"sceneViewState":{"showFog":true,"showMaterialUpdate":false,"showSkybox":true,"showFlares":true,"showImageEffects":true,"showParticleSystems":true,"showVisualEffectGraphs":true,"m_FxEnabled":true},"in2DMode":false,"pivot":{"x":862.893310546875,"y":561.3413696289063,"z":671.905029296875},"rotation":{"x":-0.032393671572208408,"y":0.0009067353676073253,"z":-0.000028019056117045693,"w":-0.9994680285453796},"size":942.0052490234375,"orthographic":false}