{"cameraMode":{"drawMode":0,"name":"Shaded","section":"Shading Mode"},"sceneLighting":true,"audioPlay":false,"sceneViewState":{"showFog":true,"showMaterialUpdate":false,"showSkybox":true,"showFlares":true,"showImageEffects":true,"showParticleSystems":true,"showVisualEffectGraphs":true,"m_FxEnabled":true},"in2DMode":false,"pivot":{"x":-34.77825164794922,"y":3.072526454925537,"z":47.97117614746094},"rotation":{"x":-0.032393671572208408,"y":0.0009067353676073253,"z":-0.000028019056117045693,"w":-0.9994680285453796},"size":6.244056701660156,"orthographic":false}