{"cameraMode":{"drawMode":0,"name":"Shaded","section":"Shading Mode"},"sceneLighting":true,"audioPlay":false,"sceneViewState":{"showFog":true,"showMaterialUpdate":false,"showSkybox":true,"showFlares":true,"showImageEffects":true,"showParticleSystems":true,"showVisualEffectGraphs":true,"m_FxEnabled":true},"in2DMode":false,"pivot":{"x":-6.355734825134277,"y":7.382625579833984,"z":39.646339416503909},"rotation":{"x":0.0035133925266563894,"y":0.988681435585022,"z":-0.14790856838226319,"w":0.02342939004302025},"size":27.01320457458496,"orthographic":true}