{"cameraMode":{"drawMode":0,"name":"Shaded","section":"Shading Mode"},"sceneLighting":true,"audioPlay":false,"sceneViewState":{"showFog":true,"showMaterialUpdate":false,"showSkybox":true,"showFlares":true,"showImageEffects":true,"showParticleSystems":true,"showVisualEffectGraphs":true,"m_FxEnabled":true},"in2DMode":false,"pivot":{"x":2.7632036209106447,"y":22.104076385498048,"z":48.599124908447269},"rotation":{"x":0.003228881862014532,"y":0.9722371101379395,"z":-0.013426746241748333,"w":0.23359988629817964},"size":18.668628692626954,"orthographic":false}