{"cameraMode":{"drawMode":0,"name":"Shaded","section":"Shading Mode"},"sceneLighting":true,"audioPlay":false,"sceneViewState":{"showFog":true,"showMaterialUpdate":false,"showSkybox":true,"showFlares":true,"showImageEffects":true,"showParticleSystems":true,"showVisualEffectGraphs":true,"m_FxEnabled":true},"in2DMode":false,"pivot":{"x":12.683162689208985,"y":12.553152084350586,"z":53.466880798339847},"rotation":{"x":0.004971218761056662,"y":0.9857258796691895,"z":-0.1656569242477417,"w":0.029580537229776384},"size":7.670835494995117,"orthographic":false}