{"cameraMode":{"drawMode":0,"name":"Shaded","section":"Shading Mode"},"sceneLighting":true,"audioPlay":false,"sceneViewState":{"showFog":true,"showMaterialUpdate":false,"showSkybox":true,"showFlares":true,"showImageEffects":true,"showParticleSystems":true,"showVisualEffectGraphs":true,"m_FxEnabled":true},"in2DMode":false,"pivot":{"x":2.50712513923645,"y":-11.079044342041016,"z":32.477542877197269},"rotation":{"x":0.004729178734123707,"y":0.9135639667510986,"z":-0.4063325822353363,"w":0.010694635100662709},"size":20.847490310668947,"orthographic":false}