{"cameraMode":{"drawMode":0,"name":"Shaded","section":"Shading Mode"},"sceneLighting":false,"audioPlay":false,"sceneViewState":{"showFog":true,"showMaterialUpdate":false,"showSkybox":false,"showFlares":true,"showImageEffects":true,"showParticleSystems":true,"showVisualEffectGraphs":true,"m_FxEnabled":true},"in2DMode":false,"pivot":{"x":-0.000007867813110351563,"y":0.8485056161880493,"z":0.2953047752380371},"rotation":{"x":-0.00012864393647760153,"y":0.9225217700004578,"z":-0.38569512963294985,"w":-0.00027703645173460245},"size":3.917257785797119,"orthographic":false}