{"cameraMode":{"drawMode":0,"name":"Shaded","section":"Shading Mode"},"sceneLighting":false,"audioPlay":false,"sceneViewState":{"showFog":true,"showMaterialUpdate":false,"showSkybox":false,"showFlares":true,"showImageEffects":true,"showParticleSystems":true,"showVisualEffectGraphs":true,"m_FxEnabled":true},"in2DMode":false,"pivot":{"x":-0.029942110180854799,"y":1.1038086414337159,"z":-0.30471718311309817},"rotation":{"x":0.008077528327703476,"y":-0.9874008893966675,"z":0.14862358570098878,"w":0.053664978593587878},"size":0.9209076762199402,"orthographic":false}