{"cameraMode":{"drawMode":0,"name":"Shaded","section":"Shading Mode"},"sceneLighting":false,"audioPlay":false,"sceneViewState":{"showFog":true,"showMaterialUpdate":false,"showSkybox":false,"showFlares":true,"showImageEffects":true,"showParticleSystems":true,"showVisualEffectGraphs":true,"m_FxEnabled":true},"in2DMode":false,"pivot":{"x":1.252488136291504,"y":0.8282341361045837,"z":-0.1593773365020752},"rotation":{"x":-0.0024652325082570316,"y":0.9877745509147644,"z":-0.015704883262515069,"w":-0.15505525469779969},"size":1.0474390983581544,"orthographic":false}