{"cameraMode":{"drawMode":0,"name":"Shaded","section":"Shading Mode"},"sceneLighting":false,"audioPlay":false,"sceneViewState":{"showFog":true,"showMaterialUpdate":false,"showSkybox":false,"showFlares":true,"showImageEffects":true,"showParticleSystems":true,"showVisualEffectGraphs":true,"m_FxEnabled":true},"in2DMode":false,"pivot":{"x":3.5762786865234377e-7,"y":0.9104899764060974,"z":-0.12563791871070863},"rotation":{"x":0.006357463076710701,"y":-0.9375232458114624,"z":0.3474363386631012,"w":0.017155153676867486},"size":1.2209076881408692,"orthographic":false}